INSERT INTO Branch (Branch_ID, Location, Manager_Name, Region_ID, Phone) VALUES
(101, 'New_York', 'John Doe', 1, '212-555-1234'),
(102, 'Los_Angeles', 'Sarah Smith', 2, '213-555-5678'),
(103, 'Chicago', 'Michael Brown', 3, '312-555-9101'),
(104, 'Houston', 'Emily White', 4, '713-555-1122'),
(105, 'Miami', 'David Johnson', 5, '305-555-3344');

INSERT INTO Broker (Broker_ID, Broker_Name, License_Num, Experience_LVL, Branch_ID) VALUES
(1, 'John_Smith', 'LCN0012345678', 3, 101),
(2, 'Jane_Doe', 'LCN0023456789', 2, 102),
(3, 'Michael_Brown', 'LCN0034567890', 4, 103),
(4, 'Emily_Davis', 'LCN0045678901', 1, 104),
(5, 'David_Wilson', 'LCN0056789012', 3, 105),
(6, 'Sarah_Jones', 'LCN0067890123', 2, 101),
(7, 'Chris_Miller', 'LCN0078901234', 4, 102),
(8, 'Amanda_Johnson', 'LCN0089012345', 3, 103),
(9, 'James_Taylor', 'LCN0090123456', 2, 104),
(10, 'Laura_Anderson', 'LCN0101234567', 1, 105),
(11, 'Robert_White', 'LCN0112345678', 3, 101),
(12, 'Lisa_Thomas', 'LCN0123456789', 4, 102),
(13, 'Mark_Harris', 'LCN0134567890', 2, 103),
(14, 'Susan_Martin', 'LCN0145678901', 3, 104),
(15, 'Kevin_Moore', 'LCN0156789012', 1, 105),
(16, 'Emma_Clark', 'LCN0167890123', 4, 101),
(17, 'Brian_Hall', 'LCN0178901234', 3, 102),
(18, 'Olivia_Allen', 'LCN0189012345', 2, 103),
(19, 'Jason_Wright', 'LCN0190123456', 1, 104),
(20, 'Sophia_Young', 'LCN0201234567', 3, 105),
(21, 'Anthony_King', 'LCN0212345678', 4, 101),
(22, 'Mia_Scott', 'LCN0223456789', 2, 102),
(23, 'Andrew_Green', 'LCN0234567890', 3, 103),
(24, 'Hannah_Adams', 'LCN0245678901', 1, 104),
(25, 'Ryan_Baker', 'LCN0256789012', 4, 105),
(26, 'Natalie_Nelson', 'LCN0267890123', 3, 101),
(27, 'Patrick_Hill', 'LCN0278901234', 2, 102),
(28, 'Isabella_Carter', 'LCN0289012345', 4, 103),
(29, 'Ethan_Roberts', 'LCN0290123456', 1, 104),
(30, 'Abigail_Collins', 'LCN0301234567', 3, 105),
(31, 'Nathan_Cooper', 'LCN0312345678', 2, 101),
(32, 'Chloe_Reed', 'LCN0323456789', 4, 102),
(33, 'Dylan_Phillips', 'LCN0334567890', 3, 103),
(34, 'Lily_Howard', 'LCN0345678901', 1, 104),
(35, 'Logan_Hughes', 'LCN0356789012', 4, 105),
(36, 'Grace_Ward', 'LCN0367890123', 2, 101),
(37, 'Caleb_Foster', 'LCN0378901234', 3, 102),
(38, 'Zoey_Morgan', 'LCN0389012345', 1, 103),
(39, 'Benjamin_Ross', 'LCN0390123456', 4, 104),
(40, 'Aubrey_Sanders', 'LCN0401234567', 2, 105),
(41, 'Samuel_Price', 'LCN0412345678', 3, 101),
(42, 'Evelyn_Bell', 'LCN0423456789', 1, 102),
(43, 'Gabriel_Kelly', 'LCN0434567890', 4, 103),
(44, 'Scarlett_Ramirez', 'LCN0445678901', 3, 104),
(45, 'Aaron_Bryant', 'LCN0456789012', 2, 105),
(46, 'Victoria_Jenkins', 'LCN0467890123', 4, 101),
(47, 'Adam_Long', 'LCN0478901234', 3, 102),
(48, 'Stella_Fisher', 'LCN0489012345', 1, 103),
(49, 'Lucas_Richardson', 'LCN0490123456', 2, 104),
(50, 'Nora_Wood', 'LCN0501234567', 4, 105);

INSERT INTO Stocks (Stock_ID, Ticker, ReturnValue, Industry, Current_Price) VALUES
(1, 'AAPL', 12.50, 'Technology', 185.50),
(2, 'MSFT', 10.25, 'Technology', 340.20),
(3, 'AMZN', 15.10, 'Consumer Discretionary', 128.75),
(4, 'GOOGL', 9.80, 'Communication Services', 142.65),
(5, 'TSLA', 18.75, 'Consumer Discretionary', 232.50),
(6, 'NVDA', 20.35, 'Technology', 473.10),
(7, 'META', 13.40, 'Communication Services', 312.75),
(8, 'JPM', 7.50, 'Financials', 142.30),
(9, 'V', 11.20, 'Financials', 240.50),
(10, 'WMT', 5.90, 'Consumer Staples', 162.80),
(11, 'XOM', 6.75, 'Energy', 111.45),
(12, 'CVX', 5.40, 'Energy', 156.30),
(13, 'KO', 4.10, 'Consumer Staples', 61.50),
(14, 'PEP', 4.50, 'Consumer Staples', 178.40),
(15, 'COST', 6.00, 'Consumer Staples', 573.90),
(16, 'DIS', 8.00, 'Communication Services', 92.75),
(17, 'NFLX', 16.50, 'Communication Services', 412.50),
(18, 'PYPL', 7.25, 'Technology', 67.85),
(19, 'INTC', 3.80, 'Technology', 36.50),
(20, 'AMD', 14.30, 'Technology', 123.75),
(21, 'IBM', 2.70, 'Technology', 140.90),
(22, 'ORCL', 11.90, 'Technology', 129.20),
(23, 'T', 3.00, 'Communication Services', 14.20),
(24, 'VZ', 2.20, 'Communication Services', 31.75),
(25, 'QCOM', 8.50, 'Technology', 112.45),
(26, 'MRK', 4.60, 'Health Care', 108.30),
(27, 'PFE', 1.50, 'Health Care', 34.25),
(28, 'JNJ', 2.80, 'Health Care', 162.70),
(29, 'UNH', 7.90, 'Health Care', 525.60),
(30, 'ABBV', 6.80, 'Health Care', 154.40),
(31, 'ABT', 4.30, 'Health Care', 96.85),
(32, 'LLY', 12.60, 'Health Care', 582.40),
(33, 'CSCO', 3.50, 'Technology', 54.75),
(34, 'ADBE', 14.75, 'Technology', 630.20),
(35, 'CRM', 10.10, 'Technology', 212.35),
(36, 'UPS', 5.20, 'Industrials', 175.50),
(37, 'BA', 7.10, 'Industrials', 204.80),
(38, 'CAT', 6.00, 'Industrials', 274.25),
(39, 'DE', 8.00, 'Industrials', 392.70),
(40, 'RTX', 4.90, 'Industrials', 81.65),
(41, 'GE', 9.30, 'Industrials', 115.20),
(42, 'HON', 3.80, 'Industrials', 187.35),
(43, 'NKE', 8.70, 'Consumer Discretionary', 98.50),
(44, 'MCD', 7.50, 'Consumer Discretionary', 280.30),
(45, 'HD', 5.60, 'Consumer Discretionary', 346.75),
(46, 'LOW', 4.50, 'Consumer Discretionary', 210.85),
(47, 'SBUX', 8.10, 'Consumer Discretionary', 99.50),
(48, 'TGT', 6.25, 'Consumer Discretionary', 131.40),
(49, 'BKNG', 14.10, 'Consumer Discretionary', 3056.50),
(50, 'AMGN', 3.90, 'Health Care', 264.50),
(51, 'BIIB', 2.70, 'Health Care', 260.40),
(52, 'REGN', 4.60, 'Health Care', 860.30),
(53, 'ZTS', 5.50, 'Health Care', 180.40),
(54, 'ISRG', 6.70, 'Health Care', 325.80),
(55, 'DUK', 2.30, 'Utilities', 90.50),
(56, 'SO', 2.50, 'Utilities', 67.85),
(57, 'NEE', 3.20, 'Utilities', 67.50),
(58, 'D', 2.10, 'Utilities', 45.30),
(59, 'AEP', 1.90, 'Utilities', 83.45),
(60, 'WEC', 1.80, 'Utilities', 89.20),
(61, 'SPGI', 9.10, 'Financials', 423.75),
(62, 'MCO', 8.75, 'Financials', 359.80),
(63, 'CME', 7.20, 'Financials', 210.90),
(64, 'GS', 5.90, 'Financials', 312.40),
(65, 'BAC', 4.80, 'Financials', 27.85),
(66, 'C', 3.10, 'Financials', 42.30),
(67, 'USB', 2.50, 'Financials', 33.25),
(68, 'BLK', 10.40, 'Financials', 692.40),
(69, 'TROW', 6.50, 'Financials', 105.80),
(70, 'SCHW', 4.40, 'Financials', 54.60),
(71, 'AMT', 8.10, 'Real Estate', 175.20),
(72, 'PLD', 7.50, 'Real Estate', 120.75),
(73, 'EQIX', 10.90, 'Real Estate', 705.30),
(74, 'WELL', 5.30, 'Real Estate', 71.45),
(75, 'SPG', 4.60, 'Real Estate', 111.80),
(76, 'O', 4.00, 'Real Estate', 51.90),
(77, 'EQR', 3.20, 'Real Estate', 62.40),
(78, 'AAPL', 12.50, 'Technology', 185.50),
(79, 'MSFT', 10.25, 'Technology', 340.20),
(80, 'AMZN', 15.10, 'Consumer Discretionary', 128.75),
(81, 'GOOGL', 9.80, 'Communication Services', 142.65),
(82, 'TSLA', 18.75, 'Consumer Discretionary', 232.50),
(83, 'NVDA', 20.35, 'Technology', 473.10),
(84, 'META', 13.40, 'Communication Services', 312.75),
(85, 'JPM', 7.50, 'Financials', 142.30),
(86, 'V', 11.20, 'Financials', 240.50),
(87, 'WMT', 5.90, 'Consumer Staples', 162.80),
(88, 'XOM', 6.75, 'Energy', 111.45),
(89, 'CVX', 5.40, 'Energy', 156.30),
(90, 'KO', 4.10, 'Consumer Staples', 61.50),
(91, 'PEP', 4.50, 'Consumer Staples', 178.40),
(92, 'COST', 6.00, 'Consumer Staples', 573.90),
(93, 'DIS', 8.00, 'Communication Services', 92.75),
(94, 'NFLX', 16.50, 'Communication Services', 412.50),
(95, 'PYPL', 7.25, 'Technology', 67.85),
(96, 'INTC', 3.80, 'Technology', 36.50),
(97, 'AMD', 14.30, 'Technology', 123.75),
(98, 'IBM', 2.70, 'Technology', 140.90),
(99, 'ORCL', 11.90, 'Technology', 129.20),
(100, 'T', 3.00, 'Communication Services', 14.20);

INSERT INTO Clients (Client_ID, Client_Name, Account_Number, DOB, Risk_Tolerance, Phone_Number) VALUES
(1, 'John_Doe', 12345, '1980-07-16', 'High', '(123)456-7890'),
(2, 'Jane_Smith', 67890, '1995-12-04', 'Medium', '(234)567-8901'),
(3, 'Alex_Johnson', 54321, '1973-05-22', 'Low', '(345)678-9012'),
(4, 'Emily_Davis', 98765, '2002-08-14', 'High', '(456)789-0123'),
(5, 'Chris_Brown', 11223, '1990-11-30', 'Medium', '(567)890-1234'),
(6, 'Laura_Wilson', 44556, '1985-02-18', 'Low', '(678)901-2345'),
(7, 'Daniel_Moore', 77889, '1969-09-10', 'High', '(789)012-3456'),
(8, 'Sophia_Taylor', 99000, '1998-06-27', 'Medium', '(890)123-4567'),
(9, 'Michael_Anderson', 33344, '1983-03-12', 'Low', '(901)234-5678'),
(10, 'Olivia_Thomas', 66677, '1977-10-21', 'High', '(012)345-6789'),
(11, 'Liam_Martinez', 11122, '1992-01-04', 'Medium', '(123)456-7890'),
(12, 'Emma_Garcia', 44455, '1968-04-16', 'Low', '(234)567-8901'),
(13, 'Noah_Lee', 77788, '2000-07-03', 'High', '(345)678-9012'),
(14, 'Ava_Hernandez', 99999, '1976-05-28', 'Medium', '(456)789-0123'),
(15, 'Benjamin_Clark', 22233, '1997-02-11', 'Low', '(567)890-1234'),
(16, 'Isabella_Lopez', 55566, '1988-09-07', 'High', '(678)901-2345'),
(17, 'James_Rodriguez', 88899, '1965-12-24', 'Medium', '(789)012-3456'),
(18, 'Mia_Gonzalez', 32112, '1999-11-01', 'Low', '(890)123-4567'),
(19, 'Lucas_Walker', 65443, '1981-08-19', 'High', '(901)234-5678'),
(20, 'Harper_Hall', 98774, '1971-03-25', 'Medium', '(012)345-6789'),
(21, 'Elijah_Lewis', 25162, '1962-12-15', 'High', '(123)567-8902'),
(22, 'Charlotte_Harris', 76484, '1993-07-21', 'Medium', '(234)678-9013'),
(23, 'Henry_Young', 34353, '1986-09-11', 'Low', '(345)789-0124'),
(24, 'Amelia_Allen', 88882, '1972-01-28', 'High', '(456)890-1235'),
(25, 'Logan_Ramirez', 19283, '1994-11-09', 'Medium', '(567)901-2346'),
(26, 'Abigail_King', 76834, '1989-04-14', 'Low', '(678)012-3457'),
(27, 'Ethan_Scott', 44352, '1960-08-05', 'High', '(789)123-4568'),
(28, 'Sofia_Martin', 98764, '2003-06-23', 'Medium', '(890)234-5679'),
(29, 'Aiden_Wright', 21346, '1975-10-17', 'Low', '(901)345-6780'),
(30, 'Grace_Perez', 65432, '1996-02-03', 'High', '(012)456-7891'),
(31, 'Carter_Rivera', 81274, '1984-12-13', 'Medium', '(123)567-8902'),
(32, 'Scarlett_Collins', 14367, '1963-09-29', 'Low', '(234)678-9013'),
(33, 'Julian_Reed', 97642, '1987-05-06', 'High', '(345)789-0124'),
(34, 'Victoria_Bailey', 35487, '1978-01-19', 'Medium', '(456)890-1235'),
(35, 'Samuel_Bell', 67598, '2001-04-07', 'Low', '(567)901-2346'),
(36, 'Aria_Campbell', 43785, '1967-07-14', 'High', '(678)012-3457'),
(37, 'Levi_Cooper', 91236, '1990-03-27', 'Medium', '(789)123-4568'),
(38, 'Chloe_Mitchell', 83425, '1982-09-01', 'Low', '(890)234-5679'),
(39, 'Jack_Roberts', 23874, '1974-11-23', 'High', '(901)345-6780'),
(40, 'Zoey_Carter', 65748, '2000-08-13', 'Medium', '(012)456-7891'),
(41, 'Wyatt_Turner', 39456, '1966-06-12', 'High', '(123)567-8902'),
(42, 'Lily_Phillips', 84725, '1985-04-18', 'Medium', '(234)678-9013'),
(43, 'Gabriel_Parker', 17284, '1998-01-05', 'Low', '(345)789-0124'),
(44, 'Ellie_Edwards', 98576, '1969-10-31', 'High', '(456)890-1235'),
(45, 'Owen_Morris', 21947, '1991-07-29', 'Medium', '(567)901-2346'),
(46, 'Hannah_Bennett', 65284, '1980-02-17', 'Low', '(678)012-3457'),
(47, 'Matthew_Ward', 81739, '1979-12-07', 'High', '(789)123-4568'),
(48, 'Layla_Brooks', 43685, '1997-09-15', 'Medium', '(890)234-5679'),
(49, 'Ryan_Peterson', 91425, '1964-05-09', 'Low', '(901)345-6780'),
(50, 'Nora_Watson', 28394, '1983-11-27', 'High', '(012)456-7891'),
(51, 'Caleb_Hughes', 37658, '2004-01-03', 'Medium', '(123)567-8902'),
(52, 'Aubrey_Gray', 71542, '1970-04-30', 'Low', '(234)678-9013'),
(53, 'Sebastian_Hughes', 64932, '1961-03-10', 'High', '(345)789-0124'),
(54, 'Ellie_Cruz', 29384, '1986-12-20', 'Medium', '(456)890-1235'),
(55, 'Carter_Russell', 81725, '1973-08-05', 'Low', '(567)901-2346'),
(56, 'Scarlett_Reed', 94836, '1992-06-12', 'High', '(678)012-3457'),
(57, 'Aiden_James', 34625, '1987-10-21', 'Medium', '(789)123-4568'),
(58, 'Aria_Bailey', 78523, '1995-01-17', 'Low', '(890)234-5679'),
(59, 'Lucas_Fisher', 43265, '2001-09-19', 'High', '(901)345-6780'),
(60, 'Chloe_Ortiz', 63842, '1971-03-30', 'Medium', '(012)456-7891'),
(61, 'Julian_Stone', 19453, '1982-08-11', 'Low', '(123)567-8902'),
(62, 'Grace_Patterson', 84726, '1990-02-27', 'High', '(234)678-9013'),
(63, 'Amelia_Myers', 37524, '1988-07-07', 'Medium', '(345)789-0124'),
(64, 'Elijah_Arnold', 94235, '1993-12-02', 'Low', '(456)890-1235'),
(65, 'Victoria_Dixon', 82146, '1976-06-14', 'High', '(567)901-2346'),
(66, 'Wyatt_Graham', 54783, '1965-04-03', 'Medium', '(678)012-3457'),
(67, 'Zoey_Wallace', 92347, '1999-10-22', 'Low', '(789)123-4568'),
(68, 'Ryan_Cross', 41258, '2002-05-18', 'High', '(890)234-5679'),
(69, 'Lily_Perry', 63842, '1979-02-06', 'Medium', '(901)345-6780'),
(70, 'Hannah_Shaw', 31457, '1977-11-15', 'Low', '(012)456-7891'),
(71, 'Matthew_Hudson', 78425, '1985-08-23', 'High', '(123)567-8902'),
(72, 'Ellie_Price', 41735, '1994-09-29', 'Medium', '(234)678-9013'),
(73, 'Gabriel_Hawkins', 93257, '2000-03-05', 'Low', '(345)789-0124'),
(74, 'Harper_Ford', 63745, '1963-12-11', 'High', '(456)890-1235'),
(75, 'Lucas_Henderson', 31857, '1989-06-08', 'Medium', '(567)901-2346'),
(76, 'Jack_Coleman', 65748, '1991-01-03', 'Low', '(678)012-3457'),
(77, 'Benjamin_Sanders', 72458, '1978-07-13', 'High', '(789)123-4568'),
(78, 'Mia_Bryant', 21847, '2004-11-09', 'Medium', '(890)234-5679'),
(79, 'Logan_Griffin', 41385, '1967-05-21', 'Low', '(901)345-6780'),
(80, 'Olivia_Stanley', 63457, '1987-04-16', 'High', '(012)456-7891'),
(81, 'James_Howell', 39485, '1995-09-24', 'Medium', '(123)567-8902'),
(82, 'Sophia_Morris', 54827, '1972-11-11', 'Low', '(234)678-9013'),
(83, 'Liam_Burke', 21574, '1984-06-30', 'High', '(345)789-0124'),
(84, 'Charlotte_Graham', 87635, '2000-07-17', 'Medium', '(456)890-1235'),
(85, 'Henry_Simmons', 47528, '1992-02-09', 'Low', '(567)901-2346'),
(86, 'Elijah_Butler', 71934, '1986-10-28', 'High', '(678)012-3457'),
(87, 'Grace_Parker', 64258, '1993-03-12', 'Medium', '(789)123-4568'),
(88, 'Mia_Foster', 34758, '1975-09-25', 'Low', '(890)234-5679'),
(89, 'Noah_Fields', 85129, '1969-12-08', 'High', '(901)345-6780'),
(90, 'Aria_Patterson', 73485, '1997-01-11', 'Medium', '(012)456-7891'),
(91, 'Zoe_Bishop', 31847, '1974-11-23', 'Low', '(123)567-8902'),
(92, 'Daniel_Weaver', 82643, '1983-03-18', 'High', '(234)678-9013'),
(93, 'Olivia_Howard', 21459, '1961-09-30', 'Medium', '(345)789-0124'),
(94, 'Liam_Morgan', 78634, '1982-12-01', 'Low', '(456)890-1235'),
(95, 'Logan_Knight', 39578, '1994-08-20', 'High', '(567)901-2346'),
(96, 'Sophia_Mills', 54782, '1980-06-25', 'Medium', '(678)012-3457'),
(97, 'Jack_Robinson', 92345, '2003-04-10', 'Low', '(789)123-4568'),
(98, 'Emily_Berry', 31825, '1981-02-04', 'High', '(890)234-5679'),
(99, 'Lucas_Foster', 72814, '1979-09-18', 'Medium', '(901)345-6780'),
(100, 'Zoe_Hughes', 81726, '1982-04-01', 'Medium', '(789)234-5678');

INSERT INTO accounts (Acct_Num, Acct_Type, Balance, StatusOf, Client_ID, Broker_ID) VALUES
(12345, 'Checking', 1500.25, 'Active', 1, 1),
(67890, 'Savings', 24500.75, 'Active', 2, 2),
(54321, 'Investment', 12500.00, 'Inactive', 3, 3),
(98765, 'Checking', 985.30, 'Closed', 4, 4),
(11223, 'Savings', 3240.15, 'Active', 5, 5),
(44556, 'Investment', 78520.50, 'Active', 6, 6),
(77889, 'Checking', 5020.00, 'Closed', 7, 7),
(99000, 'Savings', 12985.35, 'Active', 8, 8),
(33344, 'Investment', 62500.90, 'Inactive', 9, 9),
(66677, 'Checking', 1850.75, 'Active', 10, 10),
(11122, 'Savings', 2500.00, 'Inactive', 11, 11),
(44455, 'Investment', 100000.00, 'Active', 12, 12),
(77788, 'Checking', 600.00, 'Closed', 13, 13),
(99999, 'Savings', 750.45, 'Active', 14, 14),
(22233, 'Investment', 45235.80, 'Inactive', 15, 15),
(55566, 'Checking', 350.20, 'Active', 16, 16),
(88899, 'Savings', 1550.00, 'Active', 17, 17),
(32112, 'Investment', 88000.00, 'Active', 18, 18),
(65443, 'Checking', 5400.55, 'Closed', 19, 19),
(98774, 'Savings', 7200.15, 'Active', 20, 20),
(25162, 'Investment', 9525.50, 'Active', 21, 21),
(76484, 'Checking', 3400.40, 'Active', 22, 22),
(34353, 'Savings', 95000.00, 'Closed', 23, 23),
(88882, 'Investment', 32500.00, 'Active', 24, 24),
(19283, 'Checking', 4050.25, 'Inactive', 25, 25),
(76834, 'Savings', 705.15, 'Active', 26, 26),
(44352, 'Investment', 8350.75, 'Closed', 27, 27),
(98764, 'Checking', 1800.00, 'Active', 28, 28),
(21346, 'Savings', 1290.35, 'Active', 29, 29),
(65432, 'Investment', 45000.50, 'Inactive', 30, 30),
(81274, 'Checking', 5200.00, 'Closed', 31, 31),
(14367, 'Savings', 10250.85, 'Active', 32, 32),
(97642, 'Investment', 57000.00, 'Active', 33, 33),
(35487, 'Checking', 650.30, 'Active', 34, 34),
(67598, 'Savings', 2300.15, 'Inactive', 35, 35),
(43785, 'Investment', 10000.00, 'Active', 36, 36),
(91236, 'Checking', 540.00, 'Closed', 37, 37),
(83425, 'Savings', 4500.55, 'Active', 38, 38),
(23874, 'Investment', 87500.90, 'Active', 39, 39),
(65656, 'Checking', 1550.20, 'Inactive', 40, 40),
(39456, 'Savings', 2500.75, 'Active', 41, 41),
(84725, 'Investment', 6500.00, 'Closed', 42, 42),
(17284, 'Checking', 4900.60, 'Active', 43, 43),
(98576, 'Savings', 10350.15, 'Active', 44, 44),
(21947, 'Investment', 47500.50, 'Inactive', 45, 45),
(65284, 'Checking', 875.40, 'Active', 46, 46),
(81739, 'Savings', 3100.20, 'Closed', 47, 47),
(43685, 'Investment', 72000.75, 'Active', 48, 48),
(91425, 'Checking', 3900.35, 'Active', 49, 49),
(28394, 'Savings', 540.60, 'Closed', 50, 50),
(37658, 'Investment', 8650.15, 'Active', 51, 1),
(71542, 'Checking', 15500.45, 'Active', 52, 2),
(64932, 'Savings', 870.25, 'Inactive', 53, 3),
(29384, 'Investment', 74000.00, 'Active', 54, 4),
(81725, 'Checking', 920.50, 'Active', 55, 5),
(94836, 'Savings', 3750.15, 'Closed', 56, 6),
(34625, 'Investment', 53500.85, 'Active', 57, 7),
(78523, 'Checking', 645.10, 'Active', 58, 8),
(43265, 'Savings', 21000.35, 'Inactive', 59, 9),
(19191, 'Investment', 100500.25, 'Active', 60, 10),
(19453, 'Checking', 980.75, 'Active', 61, 11),
(84726, 'Savings', 325.15, 'Active', 62, 12),
(37524, 'Investment', 7500.90, 'Closed', 63, 13),
(94235, 'Checking', 2040.00, 'Active', 64, 14),
(82146, 'Savings', 3150.35, 'Active', 65, 15),
(54783, 'Investment', 51000.50, 'Inactive', 66, 16),
(92347, 'Checking', 1800.20, 'Active', 67, 17),
(41258, 'Savings', 2500.15, 'Closed', 68, 18),
(63842, 'Investment', 140000.00, 'Active', 69, 19),
(31457, 'Checking', 1550.40, 'Active', 70, 20),
(78425, 'Savings', 1250.60, 'Active', 71, 21),
(41735, 'Investment', 9000.75, 'Closed', 72, 22),
(93257, 'Checking', 5600.45, 'Active', 73, 23),
(63745, 'Savings', 3500.15, 'Active', 74, 24),
(31857, 'Investment', 75000.50, 'Active', 75, 25),
(65748, 'Checking', 1800.25, 'Inactive', 76, 26),
(72458, 'Savings', 3200.75, 'Active', 77, 27),
(21847, 'Investment', 87500.00, 'Active', 78, 28),
(41385, 'Checking', 2450.40, 'Active', 79, 29),
(63457, 'Savings', 1350.25, 'Closed', 80, 30),
(39485, 'Investment', 6750.85, 'Active', 81, 31),
(54827, 'Checking', 1420.35, 'Active', 82, 32),
(21574, 'Savings', 2050.15, 'Active', 83, 33),
(87635, 'Investment', 80500.90, 'Active', 84, 34),
(47528, 'Checking', 325.50, 'Closed', 85, 35),
(71934, 'Savings', 4150.00, 'Active', 86, 36),
(64258, 'Investment', 125000.25, 'Active', 87, 37),
(34758, 'Checking', 365.75, 'Closed', 88, 38),
(85129, 'Savings', 475.50, 'Active', 89, 39),
(73485, 'Investment', 78500.15, 'Inactive', 90, 40),
(31847, 'Checking', 1450.20, 'Active', 91, 41),
(82643, 'Savings', 8050.25, 'Active', 92, 42),
(21459, 'Investment', 10300.00, 'Active', 93, 43),
(78634, 'Checking', 520.10, 'Active', 94, 44),
(39578, 'Savings', 4500.00, 'Inactive', 95, 45),
(54782, 'Investment', 12500.25, 'Active', 96, 46),
(92345, 'Checking', 3200.35, 'Active', 97, 47),
(31825, 'Savings', 2050.85, 'Active', 98, 48),
(72814, 'Investment', 93000.50, 'Active', 99, 49),
(81726, 'Checking', 1300.25, 'Closed', 100, 50);

INSERT INTO transactions (Transaction_ID, Transaction_Type, Transaction_Date, Amount, Acct_Num) VALUES
(1, 'Deposit', '2024-01-15', 500.00, 12345),
(2, 'Withdrawal', '2024-02-10', 200.00, 67890),
(3, 'Deposit', '2024-03-12', 1500.50, 54321),
(4, 'Withdrawal', '2024-04-05', 300.75, 98765),
(5, 'Deposit', '2024-05-22', 800.00, 11223),
(6, 'Withdrawal', '2024-06-18', 450.25, 44556),
(7, 'Deposit', '2024-07-11', 1200.00, 77889),
(8, 'Withdrawal', '2024-08-30', 600.40, 99000),
(9, 'Deposit', '2024-09-25', 2200.75, 33344),
(10, 'Withdrawal', '2024-10-19', 700.35, 66677),
(11, 'Deposit', '2024-01-08', 350.00, 11122),
(12, 'Withdrawal', '2024-02-16', 100.25, 44455),
(13, 'Deposit', '2024-03-23', 5000.75, 77788),
(14, 'Withdrawal', '2024-04-09', 1200.45, 99999),
(15, 'Deposit', '2024-05-14', 750.00, 22233),
(16, 'Withdrawal', '2024-06-21', 400.15, 55566),
(17, 'Deposit', '2024-07-28', 900.60, 88899),
(18, 'Withdrawal', '2024-08-04', 150.00, 32112),
(19, 'Deposit', '2024-09-18', 1250.00, 65443),
(20, 'Withdrawal', '2024-10-31', 900.50, 98774),
(21, 'Deposit', '2024-01-06', 450.00, 25162),
(22, 'Withdrawal', '2024-02-24', 1800.75, 76484),
(23, 'Deposit', '2024-03-10', 350.25, 34353),
(24, 'Withdrawal', '2024-04-15', 600.80, 88882),
(25, 'Deposit', '2024-05-12', 2400.50, 19283),
(26, 'Withdrawal', '2024-06-30', 100.35, 76834),
(27, 'Deposit', '2024-07-21', 520.00, 44352),
(28, 'Withdrawal', '2024-08-14', 1350.15, 98764),
(29, 'Deposit', '2024-09-08', 800.00, 21346),
(30, 'Withdrawal', '2024-10-27', 700.45, 65432),
(31, 'Deposit', '2024-01-03', 400.75, 81274),
(32, 'Withdrawal', '2024-02-19', 125.20, 14367),
(33, 'Deposit', '2024-03-22', 1450.00, 97642),
(34, 'Withdrawal', '2024-04-11', 650.10, 35487),
(35, 'Deposit', '2024-05-17', 2300.25, 67598),
(36, 'Withdrawal', '2024-06-26', 700.45, 43785),
(37, 'Deposit', '2024-07-29', 1200.30, 91236),
(38, 'Withdrawal', '2024-08-05', 300.15, 83425),
(39, 'Deposit', '2024-09-16', 5000.00, 23874),
(40, 'Withdrawal', '2024-10-07', 250.75, 65748),
(41, 'Deposit', '2024-01-12', 450.00, 39456),
(42, 'Withdrawal', '2024-02-15', 135.50, 84725),
(43, 'Deposit', '2024-03-28', 200.10, 17284),
(44, 'Withdrawal', '2024-04-21', 150.75, 98576),
(45, 'Deposit', '2024-05-14', 1800.00, 21947),
(46, 'Withdrawal', '2024-06-11', 450.60, 65284),
(47, 'Deposit', '2024-07-27', 100.35, 81739),
(48, 'Withdrawal', '2024-08-13', 700.00, 43685),
(49, 'Deposit', '2024-09-03', 250.45, 91425),
(50, 'Withdrawal', '2024-10-25', 300.30, 28394),
(51, 'Deposit', '2024-01-30', 900.00, 37658),
(52, 'Withdrawal', '2024-02-06', 400.00, 71542),
(53, 'Deposit', '2024-03-16', 1500.50, 64932),
(54, 'Withdrawal', '2024-04-20', 550.60, 29384),
(55, 'Deposit', '2024-05-25', 200.25, 81725),
(56, 'Withdrawal', '2024-06-09', 1250.00, 94836),
(57, 'Deposit', '2024-07-18', 350.75, 34625),
(58, 'Withdrawal', '2024-08-27', 100.50, 78523),
(59, 'Deposit', '2024-09-14', 2400.00, 43265),
(60, 'Withdrawal', '2024-10-04', 800.15, 63842),
(61, 'Deposit', '2024-01-05', 125.00, 19453),
(62, 'Withdrawal', '2024-02-23', 250.35, 84726),
(63, 'Deposit', '2024-03-29', 300.45, 37524),
(64, 'Withdrawal', '2024-04-30', 150.00, 94235),
(65, 'Deposit', '2024-05-31', 250.50, 82146),
(66, 'Withdrawal', '2024-06-15', 500.00, 54783),
(67, 'Deposit', '2024-07-13', 1400.00, 92347),
(68, 'Withdrawal', '2024-08-01', 700.15, 41258),
(69, 'Deposit', '2024-09-12', 400.00, 63842),
(70, 'Withdrawal', '2024-10-17', 300.25, 31457),
(71, 'Deposit', '2024-01-14', 200.00, 78425),
(72, 'Withdrawal', '2024-02-08', 100.75, 41735),
(73, 'Deposit', '2024-03-04', 1500.00, 93257),
(74, 'Withdrawal', '2024-04-18', 125.50, 63745),
(75, 'Deposit', '2024-05-06', 800.25, 31857),
(76, 'Withdrawal', '2024-06-22', 350.35, 65748),
(77, 'Deposit', '2024-07-08', 100.15, 72458),
(78, 'Withdrawal', '2024-08-24', 150.50, 21847),
(79, 'Deposit', '2024-09-26', 2000.00, 41385),
(80, 'Withdrawal', '2024-10-03', 50.35, 63457);

INSERT INTO trade (Trade_ID, Trade_Type, Trade_Date, Quantity, Price_Per, Broker_ID, Acct_Num, Stock_ID) VALUES
(1, 'Buy', '2024-01-10', 50, 100.25, 1, 12345, 1),
(2, 'Sell', '2024-01-15', 20, 150.50, 2, 67890, 2),
(3, 'Buy', '2024-02-05', 100, 75.30, 3, 54321, 3),
(4, 'Sell', '2024-02-20', 10, 200.75, 4, 98765, 4),
(5, 'Buy', '2024-03-03', 75, 90.10, 5, 11223, 5),
(6, 'Sell', '2024-03-18', 30, 145.25, 6, 44556, 6),
(7, 'Buy', '2024-04-01', 50, 110.00, 7, 12345, 7),
(8, 'Sell', '2024-04-16', 25, 250.40, 8, 99000, 8),
(9, 'Buy', '2024-05-12', 80, 65.75, 9, 33344, 9),
(10, 'Sell', '2024-05-25', 15, 175.35, 10, 66677, 10),
(11, 'Buy', '2024-06-02', 60, 125.00, 11, 11122, 11),
(12, 'Sell', '2024-06-14', 45, 210.20, 12, 44455, 12),
(13, 'Buy', '2024-07-01', 100, 80.00, 13, 12345, 13),
(14, 'Sell', '2024-07-10', 35, 300.50, 14, 99999, 14),
(15, 'Buy', '2024-08-08', 70, 95.75, 15, 22233, 15),
(16, 'Sell', '2024-08-20', 40, 120.45, 16, 55566, 16),
(17, 'Buy', '2024-09-05', 90, 105.00, 17, 88899, 17),
(18, 'Sell', '2024-09-19', 20, 250.30, 18, 32112, 18),
(19, 'Buy', '2024-10-03', 85, 85.75, 19, 12345, 19),
(20, 'Sell', '2024-10-17', 30, 190.50, 20, 98774, 20),
(21, 'Buy', '2024-01-14', 40, 115.00, 21, 25162, 21),
(22, 'Sell', '2024-01-28', 25, 240.10, 22, 76484, 22),
(23, 'Buy', '2024-02-12', 50, 70.25, 23, 12345, 23),
(24, 'Sell', '2024-02-26', 20, 180.40, 24, 88882, 24),
(25, 'Buy', '2024-03-15', 95, 60.50, 25, 19283, 25),
(26, 'Sell', '2024-03-28', 30, 155.25, 26, 76834, 26),
(27, 'Buy', '2024-04-09', 55, 130.00, 27, 12345, 27),
(28, 'Sell', '2024-04-22', 35, 205.40, 28, 98764, 28),
(29, 'Buy', '2024-05-03', 100, 75.75, 29, 21346, 29),
(30, 'Sell', '2024-05-18', 40, 170.60, 30, 65432, 30),
(31, 'Buy', '2024-06-04', 65, 85.00, 31, 12345, 31),
(32, 'Sell', '2024-06-15', 50, 200.20, 32, 14367, 32),
(33, 'Buy', '2024-07-05', 75, 110.75, 33, 97642, 33),
(34, 'Sell', '2024-07-18', 20, 300.45, 34, 35487, 34),
(35, 'Buy', '2024-08-02', 80, 65.30, 35, 67598, 35),
(36, 'Sell', '2024-08-16', 25, 190.25, 36, 43785, 36),
(37, 'Buy', '2024-09-10', 90, 95.75, 37, 12345, 37),
(38, 'Sell', '2024-09-24', 15, 125.50, 38, 83425, 38),
(39, 'Buy', '2024-10-01', 100, 80.40, 39, 23874, 39),
(40, 'Sell', '2024-10-15', 45, 250.00, 40, 65748, 40),
(41, 'Buy', '2024-01-18', 70, 100.50, 41, 39456, 41),
(42, 'Sell', '2024-01-31', 30, 170.75, 42, 84725, 42),
(43, 'Buy', '2024-02-14', 80, 115.25, 43, 17284, 43),
(44, 'Sell', '2024-02-27', 20, 225.10, 44, 98576, 44),
(45, 'Buy', '2024-03-09', 95, 60.50, 45, 21947, 45),
(46, 'Sell', '2024-03-23', 30, 130.30, 46, 65284, 46),
(47, 'Buy', '2024-04-11', 55, 120.10, 47, 81739, 47),
(48, 'Sell', '2024-04-26', 35, 210.75, 48, 43685, 48),
(49, 'Buy', '2024-05-10', 100, 70.50, 49, 91425, 49),
(50, 'Sell', '2024-05-23', 40, 185.60, 50, 28394, 50);

