INSERT INTO Branch (Branch_ID, Location, Manager_Name, Region_ID, Phone) VALUES
(101, 'New_York', 'John Doe', 1, '212-555-1234'),
(102, 'Los_Angeles', 'Sarah Smith', 2, '213-555-5678'),
(103, 'Chicago', 'Michael Brown', 3, '312-555-9101'),
(104, 'Houston', 'Emily White', 4, '713-555-1122'),
(105, 'Miami', 'David Johnson', 5, '305-555-3344');

INSERT INTO Broker (Broker_ID, Broker_Name, License_Num, Experience_LVL, Branch_ID) VALUES
(1, 'John_Smith', 'LCN0012345678', 3, 101),
(2, 'Jane_Doe', 'LCN0023456789', 2, 102),
(3, 'Michael_Brown', 'LCN0034567890', 4, 103),
(4, 'Emily_Davis', 'LCN0045678901', 1, 104),
(5, 'David_Wilson', 'LCN0056789012', 3, 105),
(6, 'Sarah_Jones', 'LCN0067890123', 2, 101),
(7, 'Chris_Miller', 'LCN0078901234', 4, 102),
(8, 'Amanda_Johnson', 'LCN0089012345', 3, 103),
(9, 'James_Taylor', 'LCN0090123456', 2, 104),
(10, 'Laura_Anderson', 'LCN0101234567', 1, 105),
(11, 'Robert_White', 'LCN0112345678', 3, 101),
(12, 'Lisa_Thomas', 'LCN0123456789', 4, 102),
(13, 'Mark_Harris', 'LCN0134567890', 2, 103),
(14, 'Susan_Martin', 'LCN0145678901', 3, 104),
(15, 'Kevin_Moore', 'LCN0156789012', 1, 105),
(16, 'Emma_Clark', 'LCN0167890123', 4, 101),
(17, 'Brian_Hall', 'LCN0178901234', 3, 102),
(18, 'Olivia_Allen', 'LCN0189012345', 2, 103),
(19, 'Jason_Wright', 'LCN0190123456', 1, 104),
(20, 'Sophia_Young', 'LCN0201234567', 3, 105),
(21, 'Anthony_King', 'LCN0212345678', 4, 101),
(22, 'Mia_Scott', 'LCN0223456789', 2, 102),
(23, 'Andrew_Green', 'LCN0234567890', 3, 103),
(24, 'Hannah_Adams', 'LCN0245678901', 1, 104),
(25, 'Ryan_Baker', 'LCN0256789012', 4, 105),
(26, 'Natalie_Nelson', 'LCN0267890123', 3, 101),
(27, 'Patrick_Hill', 'LCN0278901234', 2, 102),
(28, 'Isabella_Carter', 'LCN0289012345', 4, 103),
(29, 'Ethan_Roberts', 'LCN0290123456', 1, 104),
(30, 'Abigail_Collins', 'LCN0301234567', 3, 105),
(31, 'Nathan_Cooper', 'LCN0312345678', 2, 101),
(32, 'Chloe_Reed', 'LCN0323456789', 4, 102),
(33, 'Dylan_Phillips', 'LCN0334567890', 3, 103),
(34, 'Lily_Howard', 'LCN0345678901', 1, 104),
(35, 'Logan_Hughes', 'LCN0356789012', 4, 105),
(36, 'Grace_Ward', 'LCN0367890123', 2, 101),
(37, 'Caleb_Foster', 'LCN0378901234', 3, 102),
(38, 'Zoey_Morgan', 'LCN0389012345', 1, 103),
(39, 'Benjamin_Ross', 'LCN0390123456', 4, 104),
(40, 'Aubrey_Sanders', 'LCN0401234567', 2, 105),
(41, 'Samuel_Price', 'LCN0412345678', 3, 101),
(42, 'Evelyn_Bell', 'LCN0423456789', 1, 102),
(43, 'Gabriel_Kelly', 'LCN0434567890', 4, 103),
(44, 'Scarlett_Ramirez', 'LCN0445678901', 3, 104),
(45, 'Aaron_Bryant', 'LCN0456789012', 2, 105),
(46, 'Victoria_Jenkins', 'LCN0467890123', 4, 101),
(47, 'Adam_Long', 'LCN0478901234', 3, 102),
(48, 'Stella_Fisher', 'LCN0489012345', 1, 103),
(49, 'Lucas_Richardson', 'LCN0490123456', 2, 104),
(50, 'Nora_Wood', 'LCN0501234567', 4, 105);

INSERT INTO Stocks (Stock_ID, Ticker, ReturnValue, Industry, Current_Price) VALUES
(1, 'AAPL', 12.50, 'Technology', 185.50),
(2, 'MSFT', 10.25, 'Technology', 340.20),
(3, 'AMZN', 15.10, 'Consumer Discretionary', 128.75),
(4, 'GOOGL', 9.80, 'Communication Services', 142.65),
(5, 'TSLA', 18.75, 'Consumer Discretionary', 232.50),
(6, 'NVDA', 20.35, 'Technology', 473.10),
(7, 'META', 13.40, 'Communication Services', 312.75),
(8, 'JPM', 7.50, 'Financials', 142.30),
(9, 'V', 11.20, 'Financials', 240.50),
(10, 'WMT', 5.90, 'Consumer Staples', 162.80),
(11, 'XOM', 6.75, 'Energy', 111.45),
(12, 'CVX', 5.40, 'Energy', 156.30),
(13, 'KO', 4.10, 'Consumer Staples', 61.50),
(14, 'PEP', 4.50, 'Consumer Staples', 178.40),
(15, 'COST', 6.00, 'Consumer Staples', 573.90),
(16, 'DIS', 8.00, 'Communication Services', 92.75),
(17, 'NFLX', 16.50, 'Communication Services', 412.50),
(18, 'PYPL', 7.25, 'Technology', 67.85),
(19, 'INTC', 3.80, 'Technology', 36.50),
(20, 'AMD', 14.30, 'Technology', 123.75),
(21, 'IBM', 2.70, 'Technology', 140.90),
(22, 'ORCL', 11.90, 'Technology', 129.20),
(23, 'T', 3.00, 'Communication Services', 14.20),
(24, 'VZ', 2.20, 'Communication Services', 31.75),
(25, 'QCOM', 8.50, 'Technology', 112.45),
(26, 'MRK', 4.60, 'Health Care', 108.30),
(27, 'PFE', 1.50, 'Health Care', 34.25),
(28, 'JNJ', 2.80, 'Health Care', 162.70),
(29, 'UNH', 7.90, 'Health Care', 525.60),
(30, 'ABBV', 6.80, 'Health Care', 154.40),
(31, 'ABT', 4.30, 'Health Care', 96.85),
(32, 'LLY', 12.60, 'Health Care', 582.40),
(33, 'CSCO', 3.50, 'Technology', 54.75),
(34, 'ADBE', 14.75, 'Technology', 630.20),
(35, 'CRM', 10.10, 'Technology', 212.35),
(36, 'UPS', 5.20, 'Industrials', 175.50),
(37, 'BA', 7.10, 'Industrials', 204.80),
(38, 'CAT', 6.00, 'Industrials', 274.25),
(39, 'DE', 8.00, 'Industrials', 392.70),
(40, 'RTX', 4.90, 'Industrials', 81.65),
(41, 'GE', 9.30, 'Industrials', 115.20),
(42, 'HON', 3.80, 'Industrials', 187.35),
(43, 'NKE', 8.70, 'Consumer Discretionary', 98.50),
(44, 'MCD', 7.50, 'Consumer Discretionary', 280.30),
(45, 'HD', 5.60, 'Consumer Discretionary', 346.75),
(46, 'LOW', 4.50, 'Consumer Discretionary', 210.85),
(47, 'SBUX', 8.10, 'Consumer Discretionary', 99.50),
(48, 'TGT', 6.25, 'Consumer Discretionary', 131.40),
(49, 'BKNG', 14.10, 'Consumer Discretionary', 3056.50),
(50, 'AMGN', 3.90, 'Health Care', 264.50),
(51, 'BIIB', 2.70, 'Health Care', 260.40),
(52, 'REGN', 4.60, 'Health Care', 860.30),
(53, 'ZTS', 5.50, 'Health Care', 180.40),
(54, 'ISRG', 6.70, 'Health Care', 325.80),
(55, 'DUK', 2.30, 'Utilities', 90.50),
(56, 'SO', 2.50, 'Utilities', 67.85),
(57, 'NEE', 3.20, 'Utilities', 67.50),
(58, 'D', 2.10, 'Utilities', 45.30),
(59, 'AEP', 1.90, 'Utilities', 83.45),
(60, 'WEC', 1.80, 'Utilities', 89.20),
(61, 'SPGI', 9.10, 'Financials', 423.75),
(62, 'MCO', 8.75, 'Financials', 359.80),
(63, 'CME', 7.20, 'Financials', 210.90),
(64, 'GS', 5.90, 'Financials', 312.40),
(65, 'BAC', 4.80, 'Financials', 27.85),
(66, 'C', 3.10, 'Financials', 42.30),
(67, 'USB', 2.50, 'Financials', 33.25),
(68, 'BLK', 10.40, 'Financials', 692.40),
(69, 'TROW', 6.50, 'Financials', 105.80),
(70, 'SCHW', 4.40, 'Financials', 54.60),
(71, 'AMT', 8.10, 'Real Estate', 175.20),
(72, 'PLD', 7.50, 'Real Estate', 120.75),
(73, 'EQIX', 10.90, 'Real Estate', 705.30),
(74, 'WELL', 5.30, 'Real Estate', 71.45),
(75, 'SPG', 4.60, 'Real Estate', 111.80),
(76, 'O', 4.00, 'Real Estate', 51.90),
(77, 'EQR', 3.20, 'Real Estate', 62.40),
(78, 'AAPL', 12.50, 'Technology', 185.50),
(79, 'MSFT', 10.25, 'Technology', 340.20),
(80, 'AMZN', 15.10, 'Consumer Discretionary', 128.75),
(81, 'GOOGL', 9.80, 'Communication Services', 142.65),
(82, 'TSLA', 18.75, 'Consumer Discretionary', 232.50),
(83, 'NVDA', 20.35, 'Technology', 473.10),
(84, 'META', 13.40, 'Communication Services', 312.75),
(85, 'JPM', 7.50, 'Financials', 142.30),
(86, 'V', 11.20, 'Financials', 240.50),
(87, 'WMT', 5.90, 'Consumer Staples', 162.80),
(88, 'XOM', 6.75, 'Energy', 111.45),
(89, 'CVX', 5.40, 'Energy', 156.30),
(90, 'KO', 4.10, 'Consumer Staples', 61.50),
(91, 'PEP', 4.50, 'Consumer Staples', 178.40),
(92, 'COST', 6.00, 'Consumer Staples', 573.90),
(93, 'DIS', 8.00, 'Communication Services', 92.75),
(94, 'NFLX', 16.50, 'Communication Services', 412.50),
(95, 'PYPL', 7.25, 'Technology', 67.85),
(96, 'INTC', 3.80, 'Technology', 36.50),
(97, 'AMD', 14.30, 'Technology', 123.75),
(98, 'IBM', 2.70, 'Technology', 140.90),
(99, 'ORCL', 11.90, 'Technology', 129.20),
(100, 'T', 3.00, 'Communication Services', 14.20);

INSERT INTO Clients (Client_ID, Client_Name, Account_Number, DOB, Risk_Tolerance, Phone_Number) VALUES
(1, 'John_Doe', 12345, '1980-07-16', 'High', '(123)456-7890'),
(2, 'Jane_Smith', 67890, '1995-12-04', 'Medium', '(234)567-8901'),
(3, 'Alex_Johnson', 54321, '1973-05-22', 'Low', '(345)678-9012'),
(4, 'Emily_Davis', 98765, '2002-08-14', 'High', '(456)789-0123'),
(5, 'Chris_Brown', 11223, '1990-11-30', 'Medium', '(567)890-1234'),
(6, 'Laura_Wilson', 44556, '1985-02-18', 'Low', '(678)901-2345'),
(7, 'Daniel_Moore', 77889, '1969-09-10', 'High', '(789)012-3456'),
(8, 'Sophia_Taylor', 99000, '1998-06-27', 'Medium', '(890)123-4567'),
(9, 'Michael_Anderson', 33344, '1983-03-12', 'Low', '(901)234-5678'),
(10, 'Olivia_Thomas', 66677, '1977-10-21', 'High', '(012)345-6789'),
(11, 'Liam_Martinez', 11122, '1992-01-04', 'Medium', '(123)456-7890'),
(12, 'Emma_Garcia', 44455, '1968-04-16', 'Low', '(234)567-8901'),
(13, 'Noah_Lee', 77788, '2000-07-03', 'High', '(345)678-9012'),
(14, 'Ava_Hernandez', 99999, '1976-05-28', 'Medium', '(456)789-0123'),
(15, 'Benjamin_Clark', 22233, '1997-02-11', 'Low', '(567)890-1234'),
(16, 'Isabella_Lopez', 55566, '1988-09-07', 'High', '(678)901-2345'),
(17, 'James_Rodriguez', 88899, '1965-12-24', 'Medium', '(789)012-3456'),
(18, 'Mia_Gonzalez', 32112, '1999-11-01', 'Low', '(890)123-4567'),
(19, 'Lucas_Walker', 65443, '1981-08-19', 'High', '(901)234-5678'),
(20, 'Harper_Hall', 98774, '1971-03-25', 'Medium', '(012)345-6789'),
(21, 'Elijah_Lewis', 25162, '1962-12-15', 'High', '(123)567-8902'),
(22, 'Charlotte_Harris', 76484, '1993-07-21', 'Medium', '(234)678-9013'),
(23, 'Henry_Young', 34353, '1986-09-11', 'Low', '(345)789-0124'),
(24, 'Amelia_Allen', 88882, '1972-01-28', 'High', '(456)890-1235'),
(25, 'Logan_Ramirez', 19283, '1994-11-09', 'Medium', '(567)901-2346'),
(26, 'Abigail_King', 76834, '1989-04-14', 'Low', '(678)012-3457'),
(27, 'Ethan_Scott', 44352, '1960-08-05', 'High', '(789)123-4568'),
(28, 'Sofia_Martin', 98764, '2003-06-23', 'Medium', '(890)234-5679'),
(29, 'Aiden_Wright', 21346, '1975-10-17', 'Low', '(901)345-6780'),
(30, 'Grace_Perez', 65432, '1996-02-03', 'High', '(012)456-7891'),
(31, 'Carter_Rivera', 81274, '1984-12-13', 'Medium', '(123)567-8902'),
(32, 'Scarlett_Collins', 14367, '1963-09-29', 'Low', '(234)678-9013'),
(33, 'Julian_Reed', 97642, '1987-05-06', 'High', '(345)789-0124'),
(34, 'Victoria_Bailey', 35487, '1978-01-19', 'Medium', '(456)890-1235'),
(35, 'Samuel_Bell', 67598, '2001-04-07', 'Low', '(567)901-2346'),
(36, 'Aria_Campbell', 43785, '1967-07-14', 'High', '(678)012-3457'),
(37, 'Levi_Cooper', 91236, '1990-03-27', 'Medium', '(789)123-4568'),
(38, 'Chloe_Mitchell', 83425, '1982-09-01', 'Low', '(890)234-5679'),
(39, 'Jack_Roberts', 23874, '1974-11-23', 'High', '(901)345-6780'),
(40, 'Zoey_Carter', 65748, '2000-08-13', 'Medium', '(012)456-7891'),
(41, 'Wyatt_Turner', 39456, '1966-06-12', 'High', '(123)567-8902'),
(42, 'Lily_Phillips', 84725, '1985-04-18', 'Medium', '(234)678-9013'),
(43, 'Gabriel_Parker', 17284, '1998-01-05', 'Low', '(345)789-0124'),
(44, 'Ellie_Edwards', 98576, '1969-10-31', 'High', '(456)890-1235'),
(45, 'Owen_Morris', 21947, '1991-07-29', 'Medium', '(567)901-2346'),
(46, 'Hannah_Bennett', 65284, '1980-02-17', 'Low', '(678)012-3457'),
(47, 'Matthew_Ward', 81739, '1979-12-07', 'High', '(789)123-4568'),
(48, 'Layla_Brooks', 43685, '1997-09-15', 'Medium', '(890)234-5679'),
(49, 'Ryan_Peterson', 91425, '1964-05-09', 'Low', '(901)345-6780'),
(50, 'Nora_Watson', 28394, '1983-11-27', 'High', '(012)456-7891'),
(51, 'Caleb_Hughes', 37658, '2004-01-03', 'Medium', '(123)567-8902'),
(52, 'Aubrey_Gray', 71542, '1970-04-30', 'Low', '(234)678-9013'),
(53, 'Sebastian_Hughes', 64932, '1961-03-10', 'High', '(345)789-0124'),
(54, 'Ellie_Cruz', 29384, '1986-12-20', 'Medium', '(456)890-1235'),
(55, 'Carter_Russell', 81725, '1973-08-05', 'Low', '(567)901-2346'),
(56, 'Scarlett_Reed', 94836, '1992-06-12', 'High', '(678)012-3457'),
(57, 'Aiden_James', 34625, '1987-10-21', 'Medium', '(789)123-4568'),
(58, 'Aria_Bailey', 78523, '1995-01-17', 'Low', '(890)234-5679'),
(59, 'Lucas_Fisher', 43265, '2001-09-19', 'High', '(901)345-6780'),
(60, 'Chloe_Ortiz', 63842, '1971-03-30', 'Medium', '(012)456-7891'),
(61, 'Julian_Stone', 19453, '1982-08-11', 'Low', '(123)567-8902'),
(62, 'Grace_Patterson', 84726, '1990-02-27', 'High', '(234)678-9013'),
(63, 'Amelia_Myers', 37524, '1988-07-07', 'Medium', '(345)789-0124'),
(64, 'Elijah_Arnold', 94235, '1993-12-02', 'Low', '(456)890-1235'),
(65, 'Victoria_Dixon', 82146, '1976-06-14', 'High', '(567)901-2346'),
(66, 'Wyatt_Graham', 54783, '1965-04-03', 'Medium', '(678)012-3457'),
(67, 'Zoey_Wallace', 92347, '1999-10-22', 'Low', '(789)123-4568'),
(68, 'Ryan_Cross', 41258, '2002-05-18', 'High', '(890)234-5679'),
(69, 'Lily_Perry', 63842, '1979-02-06', 'Medium', '(901)345-6780'),
(70, 'Hannah_Shaw', 31457, '1977-11-15', 'Low', '(012)456-7891'),
(71, 'Matthew_Hudson', 78425, '1985-08-23', 'High', '(123)567-8902'),
(72, 'Ellie_Price', 41735, '1994-09-29', 'Medium', '(234)678-9013'),
(73, 'Gabriel_Hawkins', 93257, '2000-03-05', 'Low', '(345)789-0124'),
(74, 'Harper_Ford', 63745, '1963-12-11', 'High', '(456)890-1235'),
(75, 'Lucas_Henderson', 31857, '1989-06-08', 'Medium', '(567)901-2346'),
(76, 'Jack_Coleman', 65748, '1991-01-03', 'Low', '(678)012-3457'),
(77, 'Benjamin_Sanders', 72458, '1978-07-13', 'High', '(789)123-4568'),
(78, 'Mia_Bryant', 21847, '2004-11-09', 'Medium', '(890)234-5679'),
(79, 'Logan_Griffin', 41385, '1967-05-21', 'Low', '(901)345-6780'),
(80, 'Olivia_Stanley', 63457, '1987-04-16', 'High', '(012)456-7891'),
(81, 'James_Howell', 39485, '1995-09-24', 'Medium', '(123)567-8902'),
(82, 'Sophia_Morris', 54827, '1972-11-11', 'Low', '(234)678-9013'),
(83, 'Liam_Burke', 21574, '1984-06-30', 'High', '(345)789-0124'),
(84, 'Charlotte_Graham', 87635, '2000-07-17', 'Medium', '(456)890-1235'),
(85, 'Henry_Simmons', 47528, '1992-02-09', 'Low', '(567)901-2346'),
(86, 'Elijah_Butler', 71934, '1986-10-28', 'High', '(678)012-3457'),
(87, 'Grace_Parker', 64258, '1993-03-12', 'Medium', '(789)123-4568'),
(88, 'Mia_Foster', 34758, '1975-09-25', 'Low', '(890)234-5679'),
(89, 'Noah_Fields', 85129, '1969-12-08', 'High', '(901)345-6780'),
(90, 'Aria_Patterson', 73485, '1997-01-11', 'Medium', '(012)456-7891'),
(91, 'Zoe_Bishop', 31847, '1974-11-23', 'Low', '(123)567-8902'),
(92, 'Daniel_Weaver', 82643, '1983-03-18', 'High', '(234)678-9013'),
(93, 'Olivia_Howard', 21459, '1961-09-30', 'Medium', '(345)789-0124'),
(94, 'Liam_Morgan', 78634, '1982-12-01', 'Low', '(456)890-1235'),
(95, 'Logan_Knight', 39578, '1994-08-20', 'High', '(567)901-2346'),
(96, 'Sophia_Mills', 54782, '1980-06-25', 'Medium', '(678)012-3457'),
(97, 'Jack_Robinson', 92345, '2003-04-10', 'Low', '(789)123-4568'),
(98, 'Emily_Berry', 31825, '1981-02-04', 'High', '(890)234-5679'),
(99, 'Lucas_Foster', 72814, '1979-09-18', 'Medium', '(901)345-6780'),
(100, 'Zoe_Hughes', 81726, '1982-04-01', 'Medium', '(789)234-5678');
